6,欧莱雅,推荐品牌
7,雅诗兰黛,推荐品牌
8,兰蔻,推荐品牌
9,韩束,推荐品牌
10,倩碧,推荐品牌
11,雅顿,推荐品牌
12,佰草集,推荐品牌
13,菲诗小铺,推荐品牌
14,卸妆,面部护理
15,洁面,面部护理
16,爽肤水,面部护理
17,乳液面霜,面部护理
18,精华,面部护理
19,眼霜,面部护理
20,防晒,面部护理
21,面膜,面部护理
22,BB霜,香氛彩装
23,女士香水,香氛彩装
24,底妆,香氛彩装
25,睫毛膏,香氛彩装
26,眼线,香氛彩装
27,眼影,香氛彩装
28,唇彩,香氛彩装
29,腮红,香氛彩装
30,美甲,香氛彩装
31,洗发,洗发护发
32,护发,洗发护发
33,染发,洗发护发
34,假发,洗发护发
35,造型,洗发护发
36,美发工具,洗发护发
37,沐浴,身体护理
38,润肤,身体护理
39,精油,身体护理
40,颈部,身体护理
41,手足,身体护理
42,纤体塑性,身体护理
43,美胸,身体护理
44,牙膏/牙粉,口腔护理
45,牙刷/牙线,口腔护理
46,漱口水,口腔护理
47,洁面,精品男士
48,爽肤水,精品男士
49,男香,精品男士
50,乳液,精品男士
51,面霜,精品男士
52,精华,精品男士
53,剃须,精品男士
54,迪奥,奢品美妆
55,海蓝之谜,奢品美妆
56,希思黎,奢品美妆
